user_id,subscription_type,days_active_last_month,playlists_created,artists_followed,songs_liked,churned
f6a9a0e7-5c1a-4d66-a329-f67925276f0b,free,15,2,9,34,1
cb9c94a6-633f-4b1d-835b-5e22b52131a1,premium,12,7,10,20,0
054f224f-8f35-42ea-a2c1-284580bd3861,premium,30,9,8,24,0
76e092d2-fedc-4b36-9563-ca2c0bf51714,free,16,3,8,27,0
a69ad997-5d3e-4f1c-9e52-6babf381f0ac,free,24,1,4,46,0
7d2877b6-3d35-4b40-8cdd-3e35c6a3216b,free,19,1,16,14,0
435cab9a-72bd-4304-9553-c7d13cd45dfa,free,8,0,8,3,0
be926297-8370-4f54-ade8-14ebac697af5,premium,21,3,16,28,0
e4d0f98d-cc77-447f-8594-19a6c85bfccd,premium,17,9,18,8,0
0febca23-0c49-4d5a-af7b-faf2b8e4c787,premium,23,8,6,26,0
f1383e51-96c3-4c66-998b-9b309e69cef7,free,5,6,8,25,1
9c0c352f-77d1-4b63-82cb-d6060aaeb58f,premium,22,9,6,18,0
6955744d-0d1a-452a-9c01-18c10ac90d4f,premium,16,6,12,27,1
9c6c2be9-ab43-4c13-8cae-d9cc3a017488,free,6,6,10,16,1
ce57dc33-d9f1-4f43-ba66-5c970c920e63,free,8,7,13,42,1
a981a99d-15ff-41ef-a895-f00ef31295d6,free,25,0,18,40,1
a0e39b2f-6f82-4a88-852c-5e8ee86dd5f9,free,18,9,10,41,0
767ef04e-3d1a-45b4-9c25-0e846043a6b6,free,25,9,12,49,1
3159c1fa-7e6d-4abd-92d3-25ef6e5da17e,free,12,7,13,19,1
9bf9fa8e-fbd3-4385-85f6-1d0b79dceaf0,free,15,3,12,44,0
f587f1a5-3c46-41af-ad5e-6085e097d44a,premium,27,3,0,39,0
e445f856-3cd9-4c30-8646-13487343aaa2,free,26,3,7,38,0
88df2f1d-ec72-401b-a9ee-ed8332f692bf,free,9,5,11,48,1
659b2074-65e0-413f-90df-e394569aa707,free,13,6,18,22,1
231a9e6e-782e-46f2-b0bb-7f8e4e27dfb8,free,26,5,11,46,0
ccb32729-2c18-4bcc-b7d7-5e9d87ddd34b,premium,15,0,7,31,0
0f45b908-efdb-4b43-97e7-b0c5c4d7f0ad,free,10,7,7,46,0
23d97e03-26e3-40ca-bbe3-e10e82ab9feb,free,16,9,12,32,0
07e48f72-64bb-4c66-a4a8-126febe5bf5e,free,7,6,11,45,1
b45d38d1-c516-423f-9fa1-6cf7789d737d,free,17,5,15,4,0
2c44378a-0aa4-4483-a2d3-1412d1424a79,premium,23,5,0,42,0
7527b415-d510-4dea-89ac-bafaa76a88a4,free,26,4,12,47,0
4a7d8bd3-0b75-4862-a271-df52da85c860,free,21,5,6,33,1
0f11cca2-73fe-4bba-8a63-85dd39f9b147,premium,22,8,4,39,0
95eb82e1-eb28-44ea-9402-dbf2463896d9,premium,26,9,7,10,1
936f6dc6-8588-482c-a662-cd6b7083d4d6,premium,7,8,13,49,0
4378599d-1e8b-4b59-8c31-d317e1a8af60,free,14,9,12,2,0
ab15716d-c7d5-4cfc-8473-2939add58114,free,15,7,14,32,0
25e6925f-7b7b-4e4b-bc43-f759f2aecbf4,premium,21,9,16,10,0
e230fc07-205c-49fb-b257-35a9e24a0f60,free,7,8,14,15,0
51a16fc8-930b-4f78-8627-86ced76ff9e3,free,9,9,19,17,1
60f82789-8652-45ad-8627-898d563c68c6,free,19,7,17,29,1
8e337956-852e-4d19-bb8f-0e1cdb0e2d61,free,16,7,17,47,1
d90c23ba-997a-42a8-90a0-a163b6264905,premium,8,0,1,9,0
9e95b6cb-78f6-4cc6-83e3-6b68465127b9,free,18,9,3,17,1
37318616-450d-485f-b3a0-1538b2a4040c,premium,27,4,0,37,0
c0ccd2aa-fcb4-4f15-a4b2-f78419778107,free,23,3,3,18,0
72fb5f52-8d7f-4ad7-a0e1-caf28b4bf9ed,free,29,1,17,35,0
efed41e4-ebca-458a-9b74-1224187093c9,free,18,7,4,12,0
9390ce9b-2dc5-4b79-88fb-230aa3deab7e,free,30,2,18,45,1
0d7f556f-7bf3-47aa-87ac-c0dad5f49320,premium,20,3,14,2,0
670614c5-9da9-423a-9cda-fedc93334d01,premium,7,6,7,9,0
cd637fe3-b1c7-4577-ac9b-d5b6727da5b8,premium,3,9,19,37,1
d7b10c0d-e934-4803-8b5c-1fcf2d59afb1,premium,18,8,16,0,0
911ff3b4-64c8-4faf-9f0f-dd3c37693d00,free,27,1,0,26,0
e8d8100c-2ed0-404d-b88b-2c1d5c4de64c,premium,10,2,11,45,0
43e8976c-5627-4fae-b911-5200bddd7fe9,free,7,3,18,7,1
343b3123-6ebd-4ec6-a929-b0ed2b48ea45,free,17,9,14,45,1
278a3c03-ea0a-47d0-9745-3b8334cb1d07,free,14,0,8,41,0
66485d34-945c-4dab-a622-2866c95abbc5,free,24,6,6,16,0
e7685065-35b8-4e38-8a0a-22af78acd231,free,3,1,1,8,0
3567e00c-acbb-43e3-84fc-f8f79a0acd3b,free,12,4,8,5,1
ecea82ef-ccfb-4aee-a1d1-713c07978790,premium,28,0,9,42,0
3883adef-af5e-48d4-94f6-7e97b1c0089d,free,13,2,1,24,0
7206b02e-85eb-4c79-90b3-91a5d474bc30,free,2,1,18,38,0
b3eccbf5-bf21-470b-8664-8e5eb42ee9a2,free,3,0,10,48,0
986b97f0-392a-4cfe-83e0-58e41967cb78,free,5,6,12,27,0
0a57a51d-90ae-4f33-a0a5-706068135515,premium,11,4,9,32,1
6103be48-5c06-48ae-99d8-3208aace62fc,free,8,0,13,36,0
c99aea05-475c-46bf-b9b2-924e7888ce3a,premium,26,5,17,8,0
77418087-fb0e-4acc-8b49-bd20702ef78f,premium,23,4,18,17,1
fc091a43-2937-4343-ae6d-6fcfc05dab42,free,23,2,8,20,1
f1ca8ec7-dde5-448e-b95d-81e9e9a0339c,free,12,6,6,1,0
0aa6a383-f7dc-4054-94ae-a8ecddf8a603,premium,7,9,2,42,0
ecc1f682-82bb-4e6c-8110-847709ff809f,premium,15,8,19,37,0
e67dc9d5-7bdd-4917-bda0-30b5b71354be,premium,24,8,5,39,1
aa0a2161-9a0c-4336-81b6-cd3cb0a3a51a,premium,17,8,1,35,0
e38c3a66-9d0a-4bef-afa2-381730944e97,free,4,1,5,49,1
0ef5e842-8953-4ac4-b4fc-8f6f576e3c23,free,29,2,2,42,1
c18452a6-aa44-4bd7-a887-46f995d14ac6,free,22,6,15,36,0
4660fa38-36c9-4553-9873-d89279b506b8,premium,25,4,7,14,0
5818bd19-6fe8-4d11-a018-f79aa95b6380,premium,13,1,1,27,0
71f6f707-cd73-4f9b-8a22-d511317d0a8b,free,18,2,16,17,0
25501526-6ee0-4869-966e-3dfc22b63d34,free,1,9,8,33,0
ba0b501c-ef48-4875-bc1a-8cd0ece6f0c9,free,16,5,11,21,1
3806c53c-d609-4bfc-b792-cd05f4d444c0,free,13,6,2,10,1
8de5005a-ff5b-4561-9941-7fb7a3ed6e66,premium,10,8,10,12,0
b8ff1057-c5a1-4c49-a110-dc2ec061a683,premium,12,0,0,3,1
e13857dc-e4c4-4881-b8b9-6d87363c246c,premium,30,6,12,21,0
babf0d5d-feb2-40bf-9451-d37d5d205be3,free,2,7,14,6,0
b2c5554b-b343-42a3-b47e-a9010840b004,free,23,2,4,42,0
2bbc9f53-8231-4553-885d-69bcfff60ac7,premium,3,3,16,23,1
9fff1dce-18eb-4cff-ac61-abaf2f59ec43,premium,10,9,5,3,1
623a2053-5844-43d9-8283-9c897acb52b2,free,2,5,10,27,1
6c226089-a2ef-4775-aecc-992e896952f8,premium,30,9,17,14,0
e496c11c-cdc3-4a5f-90bc-a9a64687ff5e,free,27,6,3,0,0
955e67e1-ff57-47e4-a52c-43d019af2f99,free,23,3,2,2,0
2ec25715-69cc-4842-9342-56693f58d9c2,free,13,7,12,13,0
55aefdf5-3650-4e76-ab05-9d9787536b5f,free,13,4,8,37,1
2e5292a8-0714-47ed-bd90-e9eacedf8066,free,18,0,5,49,1
ac14ef0d-7e96-4acb-9f9c-6a4a8098c0dd,free,3,3,11,0,1
d2ea05ed-8186-4c12-b433-75c8ebdec273,premium,27,2,1,37,0
df8e89c1-ff4e-4484-af94-b46b764bc005,free,7,8,2,37,0
1ba34b1a-4386-488c-bd8c-6da312b29978,free,14,7,2,20,0
cfff0253-bb33-471d-a96b-87d0169dc857,premium,20,0,11,47,0
85e2b869-e713-485c-a279-f65aa678ce8e,free,29,5,14,28,0
237bfbd8-a4ca-459f-84f3-e4bc1cd32704,free,30,8,8,4,1
8be4c6d6-25f6-4b55-9240-b2e735591521,premium,17,6,7,48,1
667d71bf-d429-4dea-b39f-3508d5d62fed,free,29,3,10,9,0
4fa97655-b06a-4213-a431-d32a2ebf8385,free,30,0,15,27,0
1d408851-abd9-4cd0-aaef-dcd47490c8c1,free,21,1,3,20,0
a69dfdc3-e7c7-4094-acb9-f2af1b025cff,free,12,4,0,49,0
b6211b3d-f6d7-4f5c-b408-a72619e8a64b,premium,25,4,6,6,1
172a6cf9-74b9-4262-9aaa-ab5f2b458699,premium,16,7,1,2,0
46a07487-8d46-412e-a5e5-0695d3101399,premium,24,5,4,44,0
eb89eace-2d6c-4c2d-ac4d-fc2b5555aa85,premium,12,7,6,46,0
3d7f549c-d17e-412f-8a87-6e529a4021cb,premium,15,1,3,19,1
07501802-78d5-4624-8d2e-771db8fce757,free,25,2,4,18,0
1d150f68-ff06-404a-8af0-071d9f82274b,premium,10,5,0,34,0
5bd9a968-6b78-49ac-a840-41a5d4b8d677,free,30,9,0,3,0
a49a89db-1ea4-480b-bcfc-6c66ebaa43a8,premium,25,2,14,4,1
89a986b1-6979-443f-9300-86f2b09b9958,premium,7,5,19,0,1
b477a613-bc70-4071-a1bb-2ac37bccfdc8,free,20,5,18,3,0
da96500a-177d-4801-9fa5-991d3a247089,free,5,1,9,11,1
a3ca8161-fff0-492a-a45a-d3c52b1fd9f9,free,1,6,17,26,1
da033ecc-3e1d-44d7-ad96-190c3aeb00e8,free,30,1,2,41,1
135e18fa-b11d-4223-bd61-f3b3b9c2ca37,premium,17,5,10,22,1
ac333343-2c0b-4254-a2e5-ba3765da8838,premium,3,0,14,24,1
2d5ea92d-f49f-4154-9fa1-8665dec55476,free,13,2,10,20,0
449db64c-2615-4673-8daa-4f9fcf6fec7c,free,14,1,16,23,1
ea3ec2a2-301f-45f4-97d0-10e09141e4bb,free,24,6,16,24,0
1319e1a2-9890-4f70-832b-07a8e375270f,free,30,3,5,44,1
d8e71a55-aeaa-43a8-b9f9-2e4569fd6973,free,18,7,4,45,0
8b460702-b656-4114-a13d-e2e17233f039,free,4,5,7,31,1
0edc268d-75a4-4b4f-af23-b2568dc7c9ce,premium,18,9,1,31,1
bce85c01-abda-4e02-9b15-d1d2a2aa8f66,free,30,3,15,4,0
a9ad0cdc-ad5e-485c-bbc2-93ee85189684,free,5,4,19,35,1
884a17d6-b5d5-4bce-8aa4-f6bf2dfbf6d3,premium,25,8,11,45,0
540879fa-158f-4d7e-a77f-0e021fdfed86,free,16,6,5,41,1
58de01d7-b451-4b25-b79a-0ad7b7af6cea,premium,1,9,0,48,0
cb154e97-5337-4df1-8ea4-e645b63528aa,premium,21,8,3,41,0
cee1de7d-5e86-41bd-9bd1-6bc867279405,free,14,6,16,38,1
c0df8a0e-dd34-445f-b999-6bf45e349b6a,free,15,0,12,15,0
40574352-6a4a-4844-8a35-066fcd46d589,free,9,7,17,32,1
642f3820-6089-4035-a973-c0061d4be025,free,15,3,4,48,0
a487e7d1-29ba-49f2-bfc0-5308ae5ac32c,free,17,2,2,20,0
c1fd65a0-a2c8-4854-809a-8dc8568eb36e,premium,25,6,10,8,0
6a5ed91c-b086-4dca-8107-fba109a4e962,free,24,2,12,5,0
6cb90b08-2569-4219-9387-e9afd94ab480,free,4,7,3,44,0
94e27cd0-9814-485b-aad7-406fa504fff0,free,12,5,13,34,0
37a6d5d7-6c2b-42a5-b256-153e00b06b2c,premium,27,4,10,38,0
87188ec0-6c6f-4158-be18-3110cfa8f9ec,free,26,3,9,21,0
856b3d28-7610-452d-94d1-338f30b04007,free,5,7,18,40,1
114f86bd-03f0-4dc9-8987-b39ca54bc683,free,29,7,17,4,1
caf3bc89-43b6-49d6-9eeb-e151d212734c,premium,5,0,5,41,0
c99c2217-7275-4542-a7ef-394a97f0fba0,free,11,8,14,22,1
f8bd9da9-f93d-4895-9024-925897c5f5af,premium,28,4,9,16,0
9c54977f-707d-4e3e-9252-89da1301065e,premium,6,3,4,11,1
a50ef329-525f-4407-89c2-0a19d7e1054f,free,7,5,4,22,1
49deadcc-9a9c-47b0-b397-d8fb009a2512,premium,24,5,9,15,1
6b244f98-ead5-4656-b1d7-f4f10cfd8f69,free,14,1,4,2,0
dcf43dc3-334c-4401-893f-0591174f7658,premium,24,7,2,29,1
4b01168e-6fe8-4b44-97b8-a62a2cdef8b8,premium,11,6,5,21,0
49a2f9b2-cdfc-4a20-bddf-8957f5299342,free,30,0,3,8,1
ce74e513-5607-48fb-94a2-1178f0774382,free,13,4,17,28,0
fb37ee58-1d16-4fc9-943f-aacb390c4373,premium,2,5,8,46,1
5a66d1ee-08f7-4604-a26b-22b1df85aaa7,free,25,3,16,36,1
b041ac91-914f-4b44-a0e3-3ddcf7070df4,free,7,1,12,22,1
646dd167-5d21-4020-a2cb-23e18d04f829,free,20,3,14,12,0
c0d7cb1e-88f6-4b38-9b21-8ac90a13295a,free,4,0,19,31,1
7fe0fde5-b455-4f3c-8ab9-31f4f3d75cce,premium,27,6,16,45,0
2bbeef07-ef65-4248-9a1d-32b068cdd00a,free,8,1,12,46,1
dd251388-870d-4da4-b72d-aa09967f614c,free,20,1,15,47,0
0cd00f68-f6de-44dc-843d-fd864b217ef4,free,29,8,3,22,0
00aaae4b-9160-4711-962d-abc0159b8d5d,premium,22,4,4,44,0
7710316a-59d7-4c60-85e6-b14370c4322b,free,21,1,4,16,0
be78442c-e999-429a-9a23-6a6cda9ed132,premium,19,8,8,39,0
7f0ae53d-3fd9-4e68-803e-0ae7abec99c7,free,13,8,16,20,0
0a01b0ab-fc0c-45cd-9024-2b62db739312,premium,14,0,12,1,0
8d99973e-97eb-43b4-a544-96966e936751,free,10,2,1,36,1
34fc0a5f-e21c-4835-9c43-2fbbdfcf8d9e,free,11,3,12,5,1
ee0cb11d-b995-49fd-9e0b-1cf84bbec4c1,free,2,6,18,43,0
1d254cee-5caf-464b-bde2-9c7be257682b,premium,25,9,2,17,0
49fedd6b-2818-4558-99a2-5835afc08829,premium,26,3,9,29,0
e94a6ef1-ae83-446a-afce-780159a2e804,free,9,1,1,21,0
51db09cc-5a09-4f9b-aac0-bbfe8c365acf,premium,17,6,12,32,1
cb8e2a7e-9fd9-4a10-bf1f-e3a441af1604,premium,26,5,18,29,1
76b23817-099d-4ead-9adc-8a93bf97b7b0,free,3,2,16,16,0
73a00971-4f04-4b03-9e65-7e524b52b7d1,free,24,5,13,42,0
07cd0e64-de8b-40b4-b4fc-07dfa2719245,free,6,5,11,31,0
b8411d54-56e8-422d-a447-2fc946fab0e9,free,5,4,11,41,1
731eb00e-587b-47a3-abbc-bca75e5115fa,premium,5,3,10,13,1
7f57902e-cc89-4131-88ce-7933f2fef22c,premium,22,9,6,9,0
d8d610be-1d0d-4420-9b29-ce4c9cffd23a,premium,15,0,3,46,0
8e0eae8b-ae5a-4a41-ba5a-786ea4b8f415,free,23,9,18,35,1
1fa6acf4-2440-476d-bda8-9e814ddbe535,free,17,5,0,33,1
e82971c9-5d24-4579-933a-4ba2afef5be0,premium,9,1,2,8,0
7c52f789-d606-4bc8-81a2-1708d58bf8c5,premium,3,2,12,41,0
b711672c-c516-456d-ac48-42ee7af3c63f,premium,20,7,14,27,0
377f5951-507d-489a-9974-d2b4442e8bb5,premium,26,9,1,10,0
a0ad0707-2774-4bad-bc7a-853c0af532de,premium,17,5,10,13,0
629ab278-c5e1-413e-9d9f-1bb74d9d91d5,free,29,2,3,38,0
495be18d-2662-472d-9de4-d0f903130368,free,27,6,18,46,0
d7061429-0521-4c61-a962-7b332baa4ee1,premium,10,3,16,18,0
50ba4231-ec78-4513-b5c5-5f267c0e1796,premium,3,8,2,14,1
9dc397af-711e-449e-8d0c-8d4ddfe8d267,free,18,4,17,27,0
130d5f2c-295e-41ee-9e2a-18ff8aba99e5,free,18,2,7,23,0
3272a680-9a31-4c79-88fb-6539d666c50e,premium,30,1,18,7,0
98ca74e3-b157-49ce-864f-56d36fdbee28,free,17,1,4,42,0
398b4d5e-a106-45ca-92f3-8cb2ae7977a9,free,24,2,6,8,1
5a51dc33-701c-49d0-8226-2efbb1489859,free,3,1,7,46,0
5b7b454d-a4d9-4e9e-b2d0-8433dde4b004,premium,3,3,4,32,0
20a378b4-4c35-4536-81a5-4d655aeb7c60,premium,6,1,16,32,1
1df1a0b8-6c3b-4fde-84dc-7850696c8dd0,free,13,9,4,18,0
5682251e-3939-4c94-8039-dd4fc5be1788,premium,24,8,3,2,1
17259739-0643-4029-bbc9-fa7575b5b13a,free,29,1,18,9,0
91f144ff-0415-47a1-b635-80b1459c2966,free,15,8,1,39,0
a3ae7053-6daf-4899-8284-e42d383c0f26,premium,25,5,10,46,0
8d800e90-890e-4117-9220-69fb51c5f70b,premium,9,0,12,41,0
96b7733a-2689-4dcb-9f8f-261c74b636f5,premium,4,3,14,0,1
eef02e37-91fd-457b-8444-834628060ea5,premium,14,0,11,28,1
a9823cc9-c764-4019-a84a-4e805dd32d07,free,5,5,10,49,0
d80a688c-14d2-45d4-a781-507f3fd0813e,free,2,3,6,33,0
d734c556-f7d5-4946-81a1-2894ed33bd03,free,11,2,4,12,1
a2749ff9-8d60-40dd-a220-0cc143ddc7e5,free,9,2,16,0,1
588f293f-db4a-4a5f-a208-e917c9679ad2,free,24,8,19,33,0
9351294c-f89f-4b2e-9927-19c2094cd862,premium,3,5,8,28,0
e5228a8b-5d6b-42ee-bbb2-6c8b4c055a38,free,27,8,13,47,0
45b66040-a141-4ceb-9c45-9ff2397b7d7f,premium,28,4,11,46,1
c646a4dd-f296-4071-8491-2352392e6be3,premium,29,1,5,12,0
865b9cd9-3161-4f14-b669-fb10145e4a0e,premium,9,7,16,47,0
77ec6eb1-4973-41d1-8b96-c25ca04d01bf,free,3,4,18,48,1
7927214c-a568-4d8c-adf4-86f2f793af36,free,25,1,18,28,0
597218d5-9c9f-4c97-9338-be6dd01704de,free,2,3,15,38,0
966a8e44-0927-4089-9661-2107d7fba777,free,12,8,11,23,0
70f12caa-abba-4866-a4f0-ff98cfc1aef7,premium,10,3,11,25,0
0c12bd4b-af34-470c-8585-4b1fc1219401,free,9,3,19,16,0
1a3566c9-b08f-4b0c-a61f-17c900482a77,free,15,1,5,6,0
0ba00cda-3309-4f61-98ef-0e00ba8e1a55,premium,8,5,3,12,0
9ba24980-d0cb-4d2c-a554-20d43491769d,free,25,1,5,4,0
91ffbba9-1a1c-435c-9f72-bdd80ded8c04,premium,5,6,10,25,1
f362365d-c4e6-4d44-b37f-64e376971667,premium,11,2,0,48,1
5a440a3a-2871-4ef7-b053-d596df1b63bb,premium,27,2,14,2,0
ee743ab0-c473-4eb5-8c23-283ebee7b16f,free,2,4,10,6,0
5d274990-af40-4d22-9ccb-df20c5b87cde,free,24,2,18,48,0
c0eb03a0-a39c-454e-9dab-74e11d658de6,premium,28,1,17,38,0
3d522d57-535e-4e74-a66b-083cc4b98908,free,15,9,16,0,0
4f777270-a315-4916-a0b5-c8957b1bdd0b,premium,6,8,18,48,1
48017a93-dae0-4e60-9b85-f37e4356ae4f,premium,8,1,13,16,0
c22b555e-2272-4b00-90a3-e4df0d3dae1b,premium,27,1,17,42,0
3cb3ede1-ffe2-41ba-9b1e-fe8adad56f74,free,5,7,18,24,0
b3fa32c4-67e3-44ac-9ae7-2770bb99bbd3,free,16,8,14,2,1
8ce1e860-06e4-467f-bfca-149e3ad7539a,premium,26,6,14,14,0
82d84894-eafb-466f-aec6-d4d91db88057,free,18,2,3,28,1
848fa141-1f4a-4e80-b34e-7beb354db418,free,6,8,6,42,0
4736e7ce-169f-4ed1-8694-56994156fe27,free,5,2,12,31,1
1d0ebf2b-b54d-4bd9-9dc7-c0c32f1e6df1,premium,28,4,2,25,1
456f38e2-7b05-4c86-ab61-e25161c01f30,premium,16,8,15,15,0
33dd34b1-7928-464c-ba0e-13e7df0e0d54,free,13,2,8,24,0
0ee2dd4b-e96c-43f9-9802-05c3d09d2f8e,free,28,6,7,27,0
fd91d530-1a48-46ac-8d99-8bae6d922903,premium,5,0,19,8,0
b7928128-1962-4dc6-9afa-f936436d59a7,premium,13,3,12,0,1
f3d6e30c-da10-4b11-abd8-7d39f7fd0131,free,17,3,16,28,1
c7a43d7b-d896-461d-87aa-c60e857f48d1,free,18,6,16,21,1
87f9cdfc-c95e-445b-bf07-e144d848716b,premium,8,7,16,15,1
f820518d-1063-49d6-8d6f-e4cd7bbb6874,premium,13,0,0,40,0
2a0ebe57-3c86-4e94-9e3c-65dee36d4a22,premium,30,4,7,43,0
8f2cd8ee-d62e-4c1e-8ffb-1e9229ff75c4,premium,29,6,18,40,1
166bb964-9e46-4218-a3a5-933cb1601584,free,19,3,5,6,0
1d6e2377-50f0-4cf9-bae5-2b6d09e8b185,free,26,3,2,13,1
b19d7421-3f7f-4605-b065-7c36a58a73ba,premium,3,3,4,28,0
43c1cbca-707f-4db7-b06d-3db340bcafbb,premium,24,5,12,18,0
70d81883-b560-4289-a1cf-3a3b26e38acf,premium,8,6,14,18,1
241500b9-01b1-4ccd-96de-ce12c17f9ac8,premium,2,1,13,1,0
f02a0fd5-6e3f-4e61-9379-dd60f5434e05,free,8,4,15,40,1
8a26b039-b4a4-4fdf-b241-ffb4ff373a24,free,27,3,17,44,1
91aea7f0-d377-4f74-8fb9-d8d643fd7cec,premium,13,2,10,14,1
8a5105ba-7b68-4dfc-9cfc-4402a7a0fe26,premium,13,6,2,2,1
864f4510-825a-4238-8dc0-b90f0f36d749,premium,1,5,9,10,0
08412040-bfb0-4bf5-9abc-28691c4c94f6,premium,6,6,9,45,1
c76e7560-eb17-4a57-9460-2f4080527141,premium,24,4,15,29,0
556ffe33-b961-4953-82d7-2fd1c6ece1cf,free,19,5,11,39,0
bcd7396a-f824-430a-bd70-98aa28e23d18,free,16,4,1,17,1
ec894771-8b93-429b-bde2-ce136c0cf44f,free,8,6,8,47,0
2c17de37-dbf6-4dca-bfca-08bf0d6be0bb,free,28,1,2,1,0
94416d44-391f-4156-9a04-e84181b87efe,free,1,4,14,31,0
f70d5cfa-68fa-4a24-b2d0-7d10e7e3b94d,free,27,5,2,7,0
c63535ee-7fe6-4904-ae91-940bf53c08f4,free,27,5,18,21,1
798aa2e3-8c14-4f79-af73-6999c4367d69,free,16,4,17,5,0
cf23fb8c-25f7-4518-acd1-c1e216297cd2,free,9,9,7,11,1
0ba067ce-dacf-436e-af0c-52e01e763c71,free,13,6,16,46,1
878a42cd-a552-47d7-806f-45a114197a9b,free,11,9,7,39,1
6d4f088c-3f42-41dd-99fd-8db249f6efd6,premium,13,7,6,35,0
f3960ab1-ac86-4e8c-8f2d-05ded1a2019d,free,25,6,6,14,1
2c4e2a6c-b61f-47bf-b3f7-fa9c899a27cf,free,21,4,2,27,0
32454932-4c77-4edf-b71d-793c1f29a560,free,10,0,0,48,1
03e53860-14e9-45b2-b050-51dd5498ea18,premium,4,4,3,44,0
79599f6e-0794-4991-bbfa-0d2b368d6c39,free,27,9,4,17,1
eb3429dc-b42c-439b-9508-5c369f4074ec,premium,6,1,0,1,1
52a70404-55a6-41a1-9ba1-eee83ea68193,free,28,4,14,12,0
32cccc97-ce2c-4fba-b168-2238f864ec82,free,7,4,4,44,0
20a3c0b1-03e2-4559-a087-af54a79226c3,free,5,1,12,14,1
f9019323-64f7-40c1-be89-3bf8073d7533,free,11,4,7,19,0
df6a81fe-c43a-4741-a1e5-4aef6c62a74e,premium,13,3,7,28,1
d2c8ed30-fb62-4ee6-a25c-816c041a9bd0,premium,26,0,4,41,0
cee03e25-444d-483d-b502-6a7e859f985c,premium,25,2,8,28,0
54edfd30-f098-4d24-9a3b-2d4c026aac78,free,19,0,0,2,1
35839680-2ecb-4a35-a9b8-94845f6de55d,free,23,4,3,18,1
5de4e9fe-ec89-47a1-a266-74904f7478c0,premium,10,3,2,2,1
23860975-cc9f-4088-98a4-7f7cc58c8fb1,free,10,6,1,13,0
f28affc7-0889-4513-a2d6-7c3928fcf3ab,free,11,4,7,39,1
fc56f981-ad45-4f0b-952f-0d36b98a000b,free,21,9,8,3,0
8b7c356f-7ea6-4ca0-80e2-29eadf2de2d6,free,30,3,1,10,1
bec26822-fdd3-42e0-8673-8646020dc816,premium,7,1,13,30,1
71ce797e-368d-44e6-9996-f86a2d8512d5,premium,18,3,13,42,0
ca8cfaa1-3ef4-44e6-a38c-e0e7f330ee27,premium,4,1,3,31,0
a452373f-f8eb-4b68-865c-e68468f531f5,free,2,7,5,26,0
d34c90e1-e00b-4fe0-bf07-225fa96ca9b5,free,14,2,10,29,1
bddc11f4-5f5b-48bd-b5f3-ab3dffa82dc9,free,13,8,2,42,0
04bb92af-35c9-43e6-b50e-0cf07c004e96,free,29,3,7,1,1
cc4fcbbb-76d7-4be0-b2d4-1bf92b7fdb13,free,12,5,2,48,0
04853dd1-3bf7-4ff5-805e-6b5d618b6805,premium,7,9,13,8,1
a9e43893-fcfe-4ec1-82ac-5b39941fb20d,premium,2,4,12,27,1
e8d0a572-8cb9-42b3-ba41-c82744f4b89e,free,13,9,12,30,0
4696c816-3625-4f92-8fa6-c1c891d71d39,premium,14,0,1,33,0
7ccf3011-6175-44bf-8609-1c80010775d4,premium,27,8,12,14,0
6c555dd8-69b3-4a0e-90ca-95a37ef5df44,free,17,0,18,47,1
68e8c64e-ba55-496e-b0d3-bd6660a10295,premium,9,7,5,24,1
61fbf55e-b873-4706-a3ba-66b526347e0d,free,17,8,15,35,0
4d44511b-68bf-4db4-935a-fa3bb65c0c92,free,8,8,1,7,1
52677441-65f2-4fb0-a409-9447f8ba2a6e,free,2,0,7,8,0
fbe50d9a-11d1-487c-b4ec-d5d679f94614,premium,28,1,16,36,0
94b188e8-d4e3-4b98-824f-cb1bfcf3636a,free,24,0,1,47,1
efc84f5b-906b-4277-a3ee-ce1dd214c2c9,free,13,9,9,44,0
855f83a0-f8b6-4d9f-820d-e7423fb403a5,free,3,1,15,38,0
5e8fb579-47a7-4b46-acd9-9e767921aa14,free,16,9,5,31,0
f7740e1f-11a8-48c3-b165-c9d0b877844e,premium,6,7,1,16,0
652a4ce1-e537-4d39-ad46-91468d3c0d63,premium,19,4,1,34,0
6691fe61-4319-42f4-ae8e-44186ade2c92,free,30,6,12,36,0
2af1568f-389f-4af2-a6e8-63dfa12ea5d3,free,7,1,14,18,1
ed9294e4-3443-469b-b238-639479e1826a,free,10,7,1,43,0
d32905e4-de9b-4580-84f4-f2c6c15ce374,free,9,5,6,28,0
349774fa-dcb6-433e-ab37-67e6f36104e9,free,2,7,2,6,0
a82c2c72-75b0-4248-bf6e-0924279d1751,free,28,0,7,27,0
55009008-8ec1-495f-9e06-2d9d9ed9443c,free,28,0,13,8,1
85a97d59-de03-490a-978c-2f944ba8b896,premium,15,6,6,27,1
94805332-df9d-4248-8c61-0c3f5a46732b,premium,30,7,6,5,0
b9b8327a-1b3a-4085-a1c0-9d7adcf20d3b,free,5,2,0,28,1
ae204de1-11ef-4c69-a7ed-eff8c69a119c,free,29,4,16,16,0
37983a4e-f75b-48c5-ba3b-ccbb31225a46,premium,22,0,8,15,0
ef9ff5af-edac-4ef2-a7d1-643b6da42200,free,4,6,12,22,0
42122ee3-8822-43b9-86bf-94a0da6bf0ce,premium,20,4,18,30,0
25198c22-97bc-4024-b3d9-1c2c7084f325,premium,4,7,18,2,0
58269b12-635b-4141-ba78-197290010a79,free,18,7,16,20,1
ac8818c1-e8fb-4672-bd8f-05036566863b,free,4,8,9,25,0
ea8c1468-a06a-40cc-8201-f912fb35f0c4,premium,27,6,9,35,1
7361f6d3-d16d-4f29-b5bf-61d65476908c,free,17,0,3,41,0
ef3d0977-9756-451e-8c22-03d365119d4e,free,12,2,7,36,0
7fbfbc9f-4d4d-43ae-8964-bde2d97d9aea,premium,22,7,19,21,1
f85d5602-1ea5-4777-845d-863f03f044d3,free,17,2,19,41,0
2c647308-da65-4b3b-9aaa-63ea5042e26d,free,10,7,17,11,0
e038ac50-677b-48ba-b6cc-20e8952e2f7e,premium,22,0,13,41,1
4a1b16a6-128a-4841-bf4c-9f61758000a4,free,1,4,17,12,1
5f456a38-d373-4cd9-8a28-befb1e87c620,free,22,3,13,10,1
23983569-59cd-45f2-ae1b-0945db90bee7,premium,26,4,19,15,1
0058c401-76b4-4fb4-b777-1212d5fc84f1,free,24,7,14,7,1
7e33d8e6-19fd-4b78-87fc-5d7b6feeac5e,premium,27,9,3,39,1
3e8e756e-175c-4ef2-b9fd-ca9ab2f52db2,premium,18,3,12,39,0
f1443700-5f35-495e-bb94-d82bb4791fac,free,18,3,7,44,0
b133ee6a-e59d-4c35-a890-d20c1e58ae7e,free,14,2,17,1,0
5128ee15-b0e1-4b3c-9c94-32153f4d36e9,free,15,6,11,29,0
99e4c8d2-5fd7-42c9-b8a7-c6b962bcc86a,free,29,2,13,29,1
ea64accc-249b-44ec-8160-1418e72eaf18,free,12,2,1,11,1
5b65ed43-b42b-437d-8b57-5fb797887cfe,premium,4,9,17,9,0
764d6e5c-24ba-47e4-8901-6108655176b3,free,27,4,1,43,0
452dbec6-b772-4dd4-bbb0-2eba8cd95848,free,3,4,10,10,1
68d7bf49-ea3c-4642-a8b9-f0712c595e4e,premium,20,5,8,14,0
88a6f0e2-cd2e-48f7-b255-0220d01d1d82,free,29,7,11,15,1
95e095dc-ec6b-492d-a13e-293745766651,premium,12,9,16,16,0
fcf1ecdf-4e2a-4ded-a6ff-1b91b04bc6fe,free,7,5,14,25,0
38a6e3e0-b65c-452a-82a7-3cffb6de142d,free,29,0,16,1,0
ff10de40-7fc9-4986-9b03-4bdd5cb7e886,premium,11,7,17,49,0
6df11359-a9c6-42d6-8715-b2aaa5ef2635,premium,1,7,5,11,1
9294efc8-ec0c-44ef-b383-db58034544fa,premium,6,8,16,25,1
ac94d338-c82d-4ae0-8d16-cf6ad8bb6bcd,premium,15,8,17,22,1
276abe5a-c6ee-4274-958f-57130fb7c90d,premium,15,1,7,17,0
ff380311-c005-4865-a589-231651263161,free,19,1,8,31,0
e07b48d4-7356-4061-9c5d-1c146d5efa0e,free,11,2,5,48,1
4414c1fe-6ded-46da-8338-7b2dcb5ddd3d,premium,26,0,4,37,1
06feebbe-bca2-45e8-b00a-db7a00065351,premium,23,3,11,46,0
15b0732e-bab5-4f22-a1cf-5237d92c926b,premium,26,3,10,2,0
62169bf4-755a-426a-826c-bf24cc7cb68c,free,2,8,0,37,1
97d7769d-de75-4ba0-ac90-7ae26bd3ea42,free,14,8,10,2,0
7f19c358-ef7f-493f-9da9-8cdd553eab28,premium,2,8,18,29,0
e03f2aff-df23-4cb3-84f3-bc59ee78f41d,free,29,9,8,0,0
2638eb20-234d-45eb-8da3-285532061fba,premium,4,6,1,29,0
3e5066e7-364e-4e82-9bed-5c03dcfa0959,premium,17,1,11,44,1
0dc39264-1580-4ee2-a720-44748e10ed80,free,3,9,3,31,1
5e5a0005-bf61-4863-a36c-f5011980ac93,premium,13,4,3,27,0
a2677cf7-35bc-4d66-9a0d-350498765e64,premium,9,3,17,20,0
552cbe5e-7596-4579-b074-24c050fdd249,free,7,7,14,45,0
5c00bda6-9e89-4fa7-98ba-c71c172bfed3,premium,15,1,18,12,0
cc5ae60a-43d8-4d04-b546-464a6c48f836,free,23,5,12,26,0
8e18b705-f71d-470a-a14b-69d4eaa83c98,premium,29,4,18,35,1
1ebc7176-6851-43c0-92db-77d8e65f0b92,free,29,1,16,6,0
e67a9330-5507-418b-b173-8880496101e0,premium,11,9,5,21,0
6aca5148-6858-4d98-9148-96e04c17b456,free,20,0,15,9,0
585cc25d-62a4-457c-b7ea-73c9169d5585,free,2,7,11,38,0
63f30d6d-2a5c-455c-ae01-28528dd1eacd,premium,15,1,18,14,0
41424705-e92f-43be-b777-da3eab0805ac,free,14,6,4,14,0
0133f497-9389-4148-9b18-4778f5dca84e,free,20,8,16,3,1
b76fdd49-ee64-46f2-a7fc-18c1c0d84cc8,premium,22,8,0,31,0
22010bf8-9d36-48fb-b2b4-3fbef9266882,premium,11,7,9,22,0
6eee5273-ba70-4c0b-8b39-4c16da15a638,free,27,9,14,5,1
3886b249-a290-47bf-9a16-46840939b06e,premium,3,8,10,23,1
cf778248-e718-490f-af1e-2222d78dc379,free,17,1,12,19,0
5ee3187b-ab3d-47b9-a863-8a109483766c,free,30,5,4,36,1
913c54d4-2736-46ba-829c-880337c2aa3d,free,12,3,0,19,0
f64b2058-6645-4e73-95f3-3adbc6c69b84,premium,24,3,11,11,0
9da7b914-7bbf-4806-ba45-0e6e08877528,premium,28,4,10,32,0
973ee748-57c3-4e98-9dc2-403a89afa551,premium,29,2,16,27,1
8ae9e341-8824-4c4d-8fb0-02431569a1d2,premium,21,0,3,7,1
06ef4503-f855-4021-977a-125d7dfac890,free,15,7,14,0,0
f0e58191-0386-4359-b2da-7d72dc829412,free,16,4,8,36,0
ab57c911-8bfb-4e85-9678-197608b7b32b,free,5,2,19,21,1
c2338008-dded-4275-b666-a6280dd30250,free,27,9,18,5,0
250c0ab3-cb31-4800-a143-98265eeb7645,free,20,6,18,20,0
c9305ef2-92b6-4fef-be5e-38474092cdc0,premium,6,6,11,31,1
cb56748d-193a-42b6-b659-0b02e85f86ea,free,19,0,4,34,1
cda4a69f-0d59-4cdd-9dc6-91e2149405f7,free,25,8,9,14,1
a46a9c49-1495-4290-9b6a-5e932e332af8,free,5,1,16,4,1
5ff62b03-da5d-4549-8912-153c4a873432,premium,3,4,4,45,0
6a5f80e1-b936-44cd-bb6b-7b46d0c558b2,premium,27,4,15,49,1
2e98bc28-2829-4028-8f6e-ea4caec28531,free,1,7,6,47,1
5ecea544-aae6-4fba-8fda-989d9c5dbc14,free,26,7,8,5,0
9cef903d-3d5b-4f93-9628-f4b81c1b289d,premium,28,6,2,24,0
22029169-b32d-44fc-8af2-4d5b7ec10cb2,free,6,6,14,45,0
8ad95bc4-f7ab-4d97-858c-d29bdb47fc35,premium,15,5,15,39,0
1a4dfa32-79ae-4100-b3b9-fcdb0de6701f,premium,2,5,17,28,1
0fff3b2d-ccf3-41f0-916d-0c4a5404861b,free,29,8,13,6,1
5f494179-b763-40ac-87b7-c31397f7a0a3,free,3,5,2,39,0
4654c326-69ab-435d-b03c-872ce21e9bc8,premium,17,1,11,12,0
93dc57c2-5c77-4908-89f8-b075dece0c11,free,25,1,8,37,1
2b4901f0-6de5-481e-8bcc-e9e07c1d762d,free,24,4,6,17,0
c8c8e03d-3ba3-456b-9cf4-4dfe256daa3a,premium,12,3,8,1,0
1411e7eb-40a9-40ba-9332-f35630806261,premium,18,1,12,7,0
43809b07-bd77-4e4f-87d7-e9d29dceb45a,premium,15,2,17,10,0
915597d3-5123-4f14-b3c6-d2ff931490dc,premium,12,6,4,32,0
b1a79b65-c4cb-4b25-8cd7-9f06c79112fd,free,16,7,12,37,0
2453fde7-ef91-46a6-aca7-e482988414e4,free,27,5,3,47,0
c62bd295-5fe3-4619-9171-fae9abf27a3b,premium,8,4,1,26,0
9eaad3c7-74f2-4094-b16d-9c0813090f1a,free,28,0,15,19,0
d54f0a30-aaec-4019-a809-ff7ec1b96df7,free,14,7,8,11,0
583269df-8b4f-4275-8d1c-d425542ade11,premium,25,2,8,42,1
39aa3a4d-63d2-4161-93a0-ac224024e146,free,17,5,5,30,1
0e8fc31e-a7a0-4f6d-a7ad-b97d8511cdd7,free,29,2,10,26,0
24e7a11c-00a7-481c-98bc-2c7e35f3194a,free,21,6,0,31,0
2a07a3af-797c-400f-ac70-bcd93f154cab,free,8,6,3,9,1
8f9e8b68-c7fa-4529-b9da-52c408b25db3,free,15,8,12,2,0
b3725205-07d9-43b1-82bb-f2f23ad1e164,free,27,4,12,44,0
4d669101-eca1-46a3-b9c6-dc6adb2b4f71,free,14,7,12,26,1
3711a5c4-9beb-43ad-a70c-ed00b5872010,premium,18,9,1,34,1
7ee06028-39f1-455e-9933-4a87c3947158,premium,20,9,8,30,1
e0b7ed88-c991-4c6e-ab43-d914f5c6d036,free,7,7,7,14,0
7d49bd02-68fd-40f6-bd3d-d152b1c4b14f,premium,3,0,6,15,1
bbeecd16-7f12-4ad6-b2fa-5362925c5eaf,free,29,4,3,12,0
ed83812d-3a31-4462-a3f0-839834bdc18a,free,12,2,17,48,1
e3fc1e86-e895-48b4-a7d0-77ba7c18efc6,premium,21,0,2,34,0
02a86222-93ed-43b1-8918-53a0dcecbb25,free,24,3,5,10,0
7ae06fdf-cf84-47d0-b2ff-b58a9251a0ea,premium,28,7,11,20,1
fdf1fce9-f888-442c-8b05-b5b49811261b,free,26,2,11,10,0
3852c823-3125-41e9-b023-27372774d997,premium,3,9,7,29,0
686c7120-771b-4ecf-8b26-e960ef542d79,free,20,1,0,47,1
74d94e63-96be-41bc-995f-7519cc1f6040,premium,14,8,3,34,0
e6340bba-03b0-4ff6-80d6-2d7e2ed56871,free,15,9,10,21,0
a1b1c683-009e-446d-9539-9daff0985f98,premium,25,4,2,37,0
553cc6cf-9e95-48c5-8f59-a355c9b9857e,free,30,6,12,30,1
3b8e216e-0342-402f-842f-bfae10371e62,free,14,1,16,13,1
35c2c68f-d26b-4494-82b6-eb968a886244,premium,7,8,9,23,0
e7e2576c-49e4-48e2-8704-fa7b64902575,free,17,8,11,49,1
a58167ec-0fe7-4b01-a05f-bb2bfe3eca52,premium,30,3,14,48,0
502a3c5b-edf2-47a9-9594-6aa6cea12408,premium,12,3,9,31,1
060b352a-12bf-4344-bdec-7ac4a2107af4,free,20,5,13,35,0
c63762e0-5c4f-47d9-84c8-e18a3f59c6c0,premium,4,9,12,31,0
8c60ee27-d477-4733-aa51-a9db914d186e,free,9,9,4,14,1
204912e0-5f3b-457a-9b89-ed17a96f6af9,premium,6,9,5,42,0
5c9d82e6-b63b-4c14-ae09-566f66f130cd,free,16,5,1,34,0
bd29b272-6cc0-4f12-8c7f-02aed60718fe,free,25,0,16,2,0
2bf60c58-20bd-4333-8f01-b207c12867bf,premium,28,8,3,15,1
42857d4d-f81c-432c-a69a-0150ff5520ba,premium,22,1,13,4,0
e5e86d57-d165-4a25-9f11-15f6477853e9,free,22,4,9,20,0
6841012b-9fc2-45a3-a869-86c75f01c342,premium,21,8,2,9,0
cfcbebaf-442d-4f6c-9712-6e5c2e1d9578,free,21,3,2,18,0
f5b9c5d8-736f-4727-843b-a6037e31dde9,free,2,2,14,24,0
6ce74a93-1988-4db2-865b-a4720fa26e44,free,24,6,5,3,1
fd9a66f5-f6e4-4688-b244-fcd03d590e58,free,8,5,16,28,1
9431a103-44a4-4e3b-b610-1a4d4ab09cf9,free,11,7,11,18,0
fe2ff9d5-5d9c-40db-84d7-94d22f06114b,free,13,2,19,42,0
5d7f8e26-c77f-4f0a-bc9b-cd91786d736d,premium,17,4,10,1,0
8c119b6b-b341-45d0-b533-00826a3d5372,premium,8,9,3,9,0
b8011016-ace1-42be-b4f6-e2ed5fd731a1,premium,21,3,5,42,1
e14f084f-1b52-4602-9e48-53d4ff6d65e3,free,18,3,0,24,0
56fb6f1d-860d-4ce5-8d3e-60c8dcc6fbb1,free,30,3,19,19,0
fb9d9663-e2cc-4d17-9f95-285b7cc82059,premium,18,9,15,47,1
4cd11aaa-2bd2-474f-932a-371fcd50169b,premium,14,7,14,18,0
8f4475e0-6bc4-4b60-998a-123c97f898de,free,15,5,16,22,1
70e56f9d-32b1-4a32-b15b-779883343841,premium,6,2,7,23,0
a9efc268-e6f1-4c50-a95e-df2eee48b329,premium,11,9,11,10,1
4da7e58c-e40f-46dc-9d54-58d8e3f51443,premium,13,4,9,45,1
1a7bdab4-dea2-4a86-aebe-9006d20ca309,premium,25,5,14,33,1
2c9c3d2c-781e-40e5-a7b1-b66ca5c6866a,premium,1,4,8,27,1
763122de-a519-4f8d-82af-a59c33e61c7a,free,28,5,1,4,0
8213f637-05ca-4143-b758-6a6acc5becd5,premium,6,7,4,4,0
5da48f1d-75da-4546-b15b-418f8d410dac,premium,9,6,5,20,1
8e0b77ca-367c-4909-a148-9675878c853b,free,8,4,6,11,0
d55d9cf9-8120-4cc4-aa42-66e11f431dbf,free,11,9,0,49,0
d3236529-53d9-472e-ae1e-62d8bd76afa1,free,22,5,6,3,0
b4745f8e-761f-4070-8932-033c25615c67,premium,19,3,19,48,0
ad47ca6c-9294-46b5-bddb-d1d935f6bd67,premium,24,8,11,41,0
597c9fd9-6070-4138-b16c-8f72591928f5,free,9,3,15,19,0
376ba9a3-f38f-4308-a6d0-cb774ca6494c,free,17,0,15,37,1
30bdb1cc-3d00-4adb-ad24-49850d650363,free,12,6,10,24,0
1d962a87-3b07-4619-a710-cedc53b0813b,premium,25,6,3,13,0
6a585f8f-cde8-4058-a52b-623f728881bd,premium,14,3,12,10,0
cd4546f2-5fdf-452f-afd6-bfa482cce153,premium,15,2,6,31,0
70b9484d-08c8-4829-824f-19f0bbf5ce46,free,16,7,3,10,1
e05e412a-c413-488c-914a-17a813b9cb43,free,22,4,14,17,0
cb2fbd28-6a51-4694-8969-22837fd840cb,free,22,9,18,26,0
6810b06f-905d-4c4a-91b2-bfa9dc0ce355,free,28,6,8,17,1
cdc48e05-0207-47be-a4d1-d8c6ee5f260f,premium,20,3,10,22,0
88eea1c0-c519-4f7d-8e21-f07e46cf9b59,premium,1,3,7,10,0
f73f7594-0536-40b5-b53e-df1831433cb0,premium,10,7,0,20,0
a50b9e99-9be8-42e2-943c-532a130a74cc,premium,8,7,7,43,1
228abd02-9bbf-4cca-9185-abdfde541d0c,free,18,1,12,4,0
78b147f5-fd67-4186-a9aa-de4e3e3ccd96,premium,28,1,3,22,0
ee9eaaf2-c97d-4dd8-a4bd-c7d2bd97a180,premium,1,2,7,40,0
0328974b-20b4-4554-85fd-62faf0079959,premium,2,2,2,24,0
639dd960-489f-4820-82a1-6b235b517626,free,1,0,8,40,0
a1faf0db-4b5e-429d-b9fa-173862f02a41,free,1,2,1,9,0
c261daf6-7062-4446-899a-9b7b713e3b65,free,9,5,1,21,0
d814d748-4952-4877-89bc-2359d9a08907,premium,13,7,12,18,1
eb7c20e9-3345-4a2e-af76-7c9db1023a37,premium,30,9,14,0,1
b4fa00a3-332d-48df-81ad-e2a452d5ba33,free,1,5,11,6,0
3c7c785c-fd48-4276-a780-8e6922e25d5d,premium,13,4,3,3,1
78bf3472-9177-4dd8-ae24-d13bb60ea44a,premium,20,3,7,0,0
5eeb52c5-98bc-4083-ab7e-d4a308b08c57,free,26,2,8,14,0
3a9d9fd0-9e0d-41ce-910f-d86f76e6b96d,free,22,3,4,39,1
b4252c50-07c0-4d6c-9f4f-fb31f7603df5,premium,7,6,19,11,1
c671c990-b1ad-43ad-8f40-bf94aad71a42,free,2,0,17,21,1
3e57eaf1-7200-4f12-b80a-2115101632cf,premium,6,6,10,21,0
cee2ee00-a28d-4024-b008-5e830966d7ef,free,7,0,14,49,1
7a68ec2e-8c25-4f3d-a930-33004a1d47bd,premium,26,1,8,46,0
2614349b-b96b-4af9-9257-f26cba0bb2f6,free,14,3,16,16,1
c81fb47d-1ce2-4bf4-b73e-279c85af6d7c,free,26,0,11,28,1
0d4fbb10-8d71-4f42-93d7-b11dd0b06eef,premium,18,8,6,45,0
f7a95fe5-ba02-4107-a72e-1a1380fc1a8b,free,15,5,9,13,1
6ae4a521-4eb8-4b0b-ac82-76670c2637e9,free,2,0,9,49,0
9be7911a-4d52-4191-baae-aa6f8a57e15c,free,10,0,12,19,0
abdee9ee-da40-4c4b-b74f-f235b3b2c4ae,premium,23,5,18,49,0
d67eb2b6-01b7-404f-8e2f-b782a772ab18,premium,12,3,10,47,0
ced4f3a6-f2f7-4b15-995c-7f50cbbe082f,premium,17,3,12,32,1
2890c524-49a8-426a-bd2e-0d5c6a0ef638,free,8,5,7,42,1
5b22aed5-7a50-4491-aea9-007c3372655b,free,11,6,7,14,0
98be0608-6e24-47c1-936b-24a755f7a823,free,29,8,3,11,1
e8a58de9-c625-425b-9c95-e5ecd4bdf876,free,3,9,14,39,1
5cd6a663-818b-486d-9e88-2c8e67a8381f,free,27,4,10,19,0
2b5a737b-1b3e-4448-8a99-1894fac03d0f,free,6,8,10,29,1
05852a47-28ef-40f9-84c1-fceeb29d0371,free,9,3,0,37,0
b35c360a-ce3d-4161-955d-c1c7ea361fba,premium,6,9,16,2,1
87f5de11-3051-4b0a-ae08-227198e2fae8,free,9,1,14,27,0
5c99b97a-bed2-44bd-8cec-e0465f47af01,free,7,2,19,25,0
2e93e96d-baa2-4223-8ce0-7f8a16f30b60,premium,9,0,5,29,0
3d815873-17c6-4b7e-9276-fe63594c7f6f,free,18,5,14,12,1
642ae126-d1c1-491c-aa9d-cb04ff4b0bdf,premium,12,5,8,12,0
f5aa83fd-9d3c-4ef0-a66d-6f1d6a28ede9,premium,8,0,13,1,0
3f22be66-6c23-484b-bfeb-a6de1a03b0d9,premium,8,2,17,36,0
c9029a61-d53a-4c4b-b533-09dca4ca1c77,free,18,4,16,48,1
8c59315b-77d4-40f8-8721-d54856698e4e,premium,28,2,17,37,0
d515bd8b-e56e-4ae4-8b3d-554e1ee6c33d,free,30,9,4,1,0
19320250-7261-42e7-a6df-b1fa68dcbccd,free,20,2,19,35,0
0c33de37-8e7a-4665-b844-328778baae66,free,30,9,19,25,0
99e2feb5-c852-4bbc-a9c7-dee7546bb8d3,premium,15,2,8,10,1
9e73ffc3-e794-4537-b943-702dd49424b4,free,27,4,10,7,1
ca70ae9f-88a9-40c8-8d05-92a1cfd957e4,free,7,4,0,43,0
33a5391f-9a87-4b27-8de7-6c4cda78a00d,premium,11,3,17,39,0
5dcbc750-cf00-4b99-ae8b-4cfaa40a1807,free,20,0,5,42,1
bc683279-a905-495c-b348-ad7739793e81,free,16,4,1,21,0
8553a735-5a75-43d0-947a-cf4ac72cbd81,free,4,9,14,19,1
89e90574-1ef7-4f5d-853f-35f7df260a50,free,6,4,13,7,1
5a974434-f589-45b7-b809-a2c2c9545d7b,free,26,3,4,28,1
f648f9cf-72bf-48fd-b13c-8c2b160d6a01,free,22,5,5,39,0
ca28a027-75b0-4bff-8fc4-7945dacad68f,premium,26,9,5,25,0
b9b8820d-3982-4ec8-9eb4-31f1d63fa541,free,3,3,17,29,1
86ecf433-a712-4e7c-be7b-dad095a8965a,free,9,6,13,16,0
289635d5-70a1-4bbf-8f82-ce92b1cf57eb,premium,28,6,9,19,1
beb74ae1-5a6c-439e-a4b6-b90157c549b6,free,10,1,13,15,0
f0c97673-0422-4dba-8a44-c17534139daf,premium,14,2,12,45,1
0e08b5ed-96f5-4420-8a40-c1e8dfd81391,free,11,0,2,42,0
eb1ebd1d-cf9f-4d0b-bf5e-c62bbafa003b,free,18,7,5,6,0
056cfd4e-5014-4489-a89e-2e4074ba23e1,free,22,8,7,15,0
7f449178-9d71-48d8-b5d4-68197d88bd4a,free,12,3,11,44,1
f4ef9294-f5ee-4f91-85b8-f1eab0e61c8f,free,23,5,12,46,1
cdcf3ca2-baf7-42b8-8974-fdb198e9d0dc,free,12,8,10,47,0
852b01e2-996e-4f6f-b8b4-2587871fa36c,free,13,5,11,26,0
31b434b8-0257-4b4a-8ac5-bbaffd45f423,free,25,8,0,22,1
6189c242-381b-45fa-83a0-0446485ee40f,free,13,3,16,23,0
b8d40a6f-5a38-42ec-83e6-76926fadc6e6,free,19,7,15,8,0
36606767-6889-41a5-8cd1-202e77c2a398,free,26,8,10,34,0
64f08405-dc8a-47ae-b9ae-22c70c019df2,free,19,3,12,19,0
ed4bab6b-916c-4725-b335-79bd05a9fca2,premium,23,4,17,36,0
a7f154ff-e484-49c1-82ac-aded80b4669b,free,14,7,10,41,0
f65f55f1-c895-4778-88a8-043625cba418,premium,4,9,11,16,0
29f5c6aa-05f6-4b69-a6fe-0f622f663969,premium,13,5,5,46,0
906e5894-6a93-4d62-a820-e985e6249b25,free,8,6,8,30,0
2343b633-f974-4970-98dd-a610093a511a,premium,29,2,15,7,0
188ea1b3-22d9-4083-91ed-764307af2a23,premium,23,6,3,14,0
f9e3fe40-90f6-4371-a902-092e9a20cf4c,free,21,7,2,30,1
6bf99bdb-a6e9-48e0-89d7-4ab6c18a0bc4,free,23,9,15,29,0
13e5bf54-9059-4597-aa3a-279f25d2508f,premium,19,5,11,45,0
7e7aa1df-8ee8-4835-be7d-ff568581a254,premium,12,9,10,19,0
1485f964-0ca9-436c-9950-1f385adaec85,free,18,8,4,38,0
837a3b70-bb54-44ea-9748-e00905d05c1a,free,6,5,17,11,0
3a539002-6ca4-4619-84c8-6dca785b2988,free,18,8,18,48,0
c9845e38-4cb8-45ff-b270-f313d322005d,free,19,3,5,16,1
80ec0ffa-7566-4272-a7ee-8d55b2bb6d4a,premium,22,7,17,41,0
e928961c-ae6d-4035-826c-3964020aa081,free,5,3,5,29,1
781a0b3a-f58f-434c-b2c1-8260d828544a,free,24,1,3,28,0
e16014d2-c05d-4090-947a-e0c7702a0728,premium,9,9,11,18,0
b8154a13-cf74-4d00-8830-1a0a7e76a3f2,free,27,8,18,45,0
d908c2ad-e9e0-4181-a7f2-c4f30097f7b5,free,3,4,1,10,0
439e6e92-a2f2-4102-90d8-df1ea5bb5be1,premium,28,3,16,33,0
90fb0def-1dbe-4206-9593-367e856c46a4,premium,10,1,10,49,1
e102b9f2-8e23-4eaf-b5d4-6ccf2e98af4a,free,19,0,10,6,0
a1db7f18-55f1-4e92-bff1-2e0f1b381105,free,3,6,15,43,1
adb0c580-aa6f-40e9-ad87-eaa21594d0b8,free,29,5,1,33,1
355e8403-07d4-4e38-90ea-2e0885f16fa0,free,29,1,1,19,0
954da382-0bd1-40ae-92ab-37e012c2c52a,free,22,7,7,49,0
9f7fbf2e-a1b0-453f-bd24-d198c66b9764,free,15,3,12,37,0
ae479b0b-ffc0-4020-abd5-e06857db4b36,free,1,7,9,23,0
20ff0a3a-bb76-433d-995b-726120233a29,free,7,6,7,9,0
1b2f1889-52b8-46bb-98f4-41014f5c2a50,free,12,4,3,31,0
98f32a88-d468-445c-9118-60d33bab342c,free,17,9,14,14,0
33add74b-ca85-4823-997e-770261236def,free,30,9,0,36,0
8f85d911-bc45-45a7-a1aa-4caf4244a0e5,free,21,7,10,19,1
e7402777-2d96-425f-979b-2d6ca5bb5a19,free,26,8,6,2,1
e8a559dc-0b88-4a1a-99bb-e8db0d8d3e20,premium,29,4,16,36,1
c152405e-2f62-4a1f-8814-a0eef1c50528,free,24,9,19,39,0
ea1cdd4c-4aa9-42e3-a3a2-5953030f5b89,premium,20,4,17,7,0
09919f91-99fd-48f5-89c5-d2112ee330c0,premium,5,1,11,39,0
b8dac2d0-0a23-4f30-8f25-06d6cd8f42b0,free,4,4,8,43,0
a6bd4679-447f-44c2-84d8-5f6619cf78cf,free,28,2,4,22,0
bda20145-4f32-417c-8d72-c85a9d80a272,free,12,6,9,39,1
7062a176-4b49-4110-a4ef-2a7e6296eb2d,free,30,9,3,10,1
c1b9ff32-d72b-4924-a26e-4fbe5b799340,premium,20,4,4,45,0
5a4c14e1-279e-4a3d-a1dd-9bc07cd828d5,free,28,7,9,7,0
b64b403e-696d-4876-a51d-db2bb3341a56,free,24,0,10,28,0
872822fe-eabc-4978-9f88-cf647af4dc7b,free,18,2,9,29,0
3498ae99-abf9-4c10-8c35-2162263e8a09,free,17,2,7,9,0
ae406f4a-c068-4a24-b60c-8d1346de9930,premium,19,8,1,38,0
7a410a55-aa1a-4015-b8b8-d1f933c93941,free,9,4,7,27,0
c993ef86-bfa3-4b46-b471-4e35a9844561,free,4,8,15,48,1
1af7dde3-7112-43c9-a806-081f6bcd8442,premium,26,8,4,35,0
9ecfb223-e4d2-43c6-9e91-c7deb771285c,premium,21,0,2,12,1
75d0cd8a-de52-464e-9641-0a04b3e56c6e,free,2,1,11,31,0
afc84b0c-952a-4d87-85e6-7d985740404c,free,4,4,12,35,0
d2232f44-eb37-4161-ad87-59b327e4c588,free,2,3,12,36,0
20389370-89c2-4cc5-bf91-9b6b7dffddcf,free,15,9,9,25,0
7a340cc6-0330-43af-b550-8e111a99f1f2,free,2,8,3,21,0
9766685e-3182-439f-8cd4-0a30e42161ca,free,4,6,8,3,1
0b691353-7797-4541-b8ad-0c27a8e5e648,free,6,5,1,30,1
64df2bdd-0efb-4515-b8d0-ee39376865cd,free,7,6,18,17,0
158153d6-5e29-4177-b1ef-4c10b6e572af,premium,10,0,0,37,0
ebdd146c-19a7-4149-a829-6fd3192d0d1c,free,19,0,6,23,1
bd0a9d20-403a-48f6-b9b9-7f50c9177d93,free,19,7,16,22,0
6aa70582-15ff-4984-a4af-dd796be18cac,free,26,1,2,21,0
bb59b990-2797-4242-914a-404102b41468,premium,22,9,19,1,0
b2b38f4b-f273-4ca1-a64a-006129d25655,free,29,8,19,30,1
d0457654-4406-4e3c-b975-38165f7cc39c,free,12,6,2,10,1
e7602509-ff43-4a0f-af71-f98f3bf4dcaa,premium,3,5,2,27,0
6b4c36b6-6a73-42c6-949f-c44fcfd2bff6,premium,13,0,16,45,1
cd8a5b52-e8c1-4131-abc3-a94d922fad6c,premium,18,0,6,31,1
555ace8a-d867-4e60-9beb-7d5562849d37,free,8,1,13,4,0
fd54ca82-4a1f-4a46-b6de-aadd813564cf,free,21,5,16,37,0
015164dd-1fd8-48b2-9f85-77cecdc6ecc4,premium,15,5,17,9,0
147886f4-9312-45bb-a1d3-e4d4f3bf08dd,premium,1,1,12,39,1
d0b5eb01-acd0-4c98-9c3d-52c4681c9678,free,3,0,19,45,0
39a2dc97-8924-4ed2-9522-156cf438b133,free,26,9,19,23,1
11385a36-21c7-46e9-bc5a-a71de73d6b45,free,8,4,17,34,0
ce948645-f5ba-4b92-b5f1-33507213c885,premium,4,4,3,43,1
2a958d6b-b440-4b3b-8b4f-93a68c49d8f7,free,16,1,0,47,0
6f43c576-0f2a-4941-b6bd-acee3d957d84,free,30,5,17,22,0
9f5eefa7-8fdd-45b8-a092-8455a451ffa0,free,23,8,0,16,1
eb0677a2-04ca-43e6-b8b8-531fb1b21b95,free,10,1,12,0,1
4aa16521-c3da-4724-ad6d-7dc2c5161243,free,12,9,19,30,1
47841434-9811-4be7-b258-0c29501297f6,free,14,1,19,30,0
28881e74-c90c-4e6e-9136-9a326fafd0b8,premium,14,2,9,41,1
2397d2d0-0643-473a-b69a-08de9cc8161e,free,2,6,10,41,0
2005114d-3ad6-406c-a3d0-69177c40eec5,free,23,5,8,33,0
f67ceec3-6a21-45b2-98c3-b07c359fa155,free,5,7,8,8,0
d85e478e-ccdb-43f7-872a-3cda3bbe7c36,free,5,7,4,21,0
299d02ed-b64d-470d-886d-cd2f38f63b21,free,6,5,0,12,0
716b4673-e7f0-4824-8b4e-c4f6479b5b52,free,13,9,16,24,1
d96c2654-6609-4a45-a410-b6d3b418c1ec,free,9,2,1,47,0
2f1e007f-4fc3-425f-9e02-f8408deeaa28,free,30,2,12,17,1
8e8fe677-c31f-4a0a-a204-06abbb292053,free,22,0,8,11,0
3ef97936-cf94-40eb-ae1e-0d0df8178c2e,premium,28,6,3,39,0
4c9d8b86-93b2-4f9f-b5b1-581e7511395b,free,29,4,4,16,0
33b58f8c-c38c-4b6f-aec5-183fc8d4c48a,premium,15,3,10,14,1
f0864c62-fd78-4f35-b9c0-8318645ae065,free,14,9,18,41,1
86c44cc7-1a89-4471-a524-c0a41dae1dc7,premium,24,3,2,14,1
4e0ec173-ed7b-4daa-91c4-33106515c494,premium,7,3,11,14,1
1e08c620-c04e-47ef-abdb-126636691688,free,25,5,18,38,0
bdd0895f-14b0-4605-a1ad-d21d849fac28,free,20,7,18,12,0
908a164c-958c-402f-ae3b-4d32a3d15659,free,2,7,12,16,1
d9fece9a-01d3-4607-9c8f-b060f1ce5526,free,7,4,6,31,0
42a4087a-71cf-437d-8973-88f3c33cbf52,premium,6,5,14,8,0
adcaeba6-da47-469d-b1f9-5d390cca5cef,premium,17,3,6,39,0
8b8fc951-d27e-4bb4-915f-70f9ffac8540,premium,27,8,7,19,0
286d84b4-bbd1-4ce4-b586-9be72425f37c,free,25,7,4,25,0
2495db5e-65d6-407f-b665-ac06a2b95daa,premium,25,9,13,26,0
16b11d8a-0c0d-4d54-a29b-515cb613eb34,premium,28,9,3,20,0
c57e6478-0ad1-4a28-9b1c-4bcdfa3ec3b1,free,2,0,9,17,0
d0c614ea-7d3d-4115-bf41-7cff75121346,free,3,1,19,12,0
f8c06376-762e-4faf-b1e8-52675d29f5e3,premium,5,8,14,15,0
0f41d433-68bd-404a-9ef0-596188f26f31,free,5,7,17,8,1
794fef03-df00-49f8-b668-89231e2993ff,premium,1,2,19,11,0
cc393c3e-db9d-4009-a2f3-d0957efe394d,free,8,7,12,43,0
71543add-3606-4e4f-bbd7-1392d359234b,premium,12,0,7,37,1
3f11bfd5-019a-4cd0-8e31-fbf6fb84d33c,free,24,9,8,18,0
30f495d3-39e4-40bd-9354-bc431837ebc5,free,4,3,15,6,0
19cbaa03-a287-4501-9544-89ffd3e6cf04,free,13,2,18,34,1
e0484735-7678-46ab-b3a1-3c3b82f9697e,premium,23,5,15,47,0
d766045b-146a-4e0c-b2a9-42cfe7f00eee,premium,15,6,6,17,1
418e8762-6d8e-40e2-962d-a7391d4521ab,free,11,3,13,15,1
8dce9ed9-6794-4e47-a4cb-175999d3cbbf,free,10,6,13,38,1
3227c8af-287c-41c0-b0ab-0643fd32cd30,premium,3,8,3,3,0
da9039e7-1bb3-48d4-ac0d-382d105513ff,free,22,1,14,24,0
7de2d666-dbe8-43ec-82d5-ea29e2e544cf,premium,14,2,2,31,0
141a2244-6c13-4c7e-afeb-096add5233cc,free,16,4,4,39,0
5821537d-7589-433d-b0bc-4856f7d3ff27,free,10,2,0,12,0
77b48554-1561-43e3-ba70-969b83666f65,free,29,7,2,44,0
095ad6cf-06f2-478e-aa9c-4bb44f0238cc,free,10,9,14,16,0
66531645-cf44-4fc5-a2f8-3695f10fbd53,premium,12,7,7,48,0
cf97eeaa-61b3-41e3-8617-e6f83ca07726,free,30,7,3,36,0
3deaa56c-941a-4c30-9cb9-e88f72eeefa5,free,9,8,1,5,0
a92d06ef-a663-4170-bed6-e52a1ce7e775,premium,1,3,9,18,1
9b55096a-9894-4685-8cd3-f3b6bcf0ef7b,free,5,4,3,12,0
ed00c15a-595e-48e7-a19e-4d6573e740ab,free,20,4,2,25,0
934206b1-06f8-473f-ac23-f85a63c5baae,premium,8,7,1,13,1
98c809b1-dc78-40b9-8270-00dd70e30f67,premium,11,6,16,30,0
4b2cdb93-2c5c-4f66-87ef-d8224fc59218,free,12,8,19,3,0
a06623df-6c4e-4d60-8a16-cca40aa24b01,premium,1,7,12,38,0
677d0300-e579-4d21-98c3-08c4ab158c48,premium,25,1,4,7,1
6a96fd72-1975-4bd6-839b-de8ba019e58b,free,22,9,8,24,0
65b66eb1-53c9-4f9a-94b2-85831b67b38d,free,20,3,5,12,0
085229d9-447a-4c41-b4b5-c6181dca5784,premium,28,5,4,31,0
2b700a1b-a4f6-47b0-93c7-afbb274eb23c,premium,25,1,9,37,1
59ae9e2c-fa29-4817-907a-0775da274db6,free,11,6,7,37,0
a3570daa-3b22-4749-94af-e6f84c603682,premium,5,2,6,27,0
df3a07a4-f8d6-4327-9039-5e532530d3ce,premium,15,2,6,29,1
6b2dbe17-597c-4184-a327-f1494c0f6dcc,free,5,1,5,2,0
7ee22255-13e6-4174-b195-ae562832e2b8,free,12,7,19,27,1
9a5a45bd-4a40-47fc-a6e0-900745252c36,free,5,5,2,2,0
11820126-07da-41e8-be1a-25bf100a6934,premium,17,0,18,44,1
86845636-0d64-47ad-94d7-aab645a115b0,free,17,0,14,33,0
e20ef9bd-1397-40fa-b53c-445297467e01,free,24,6,3,15,1
431a4322-40e1-4646-957c-8ab5748e06a4,premium,12,7,11,21,1
2a6e24d1-f5f2-423f-8bab-eeb9f29d25c8,premium,24,4,5,31,0
170325d0-54ad-4722-8022-57fe0296eb52,free,28,4,18,37,0
d9d13473-2814-43a9-b9af-e26876accf5b,premium,15,3,3,7,0
81a3acd9-44e1-44e7-9127-13d3b32c93a4,free,15,5,14,7,0
ef27b1b6-12b2-4ec8-a107-8221aefaeca8,premium,6,5,8,5,0
17fc2e71-4576-40db-bfa2-e7093233de14,free,12,2,4,13,0
17bbcf78-e80f-4305-9ed0-06dca1e0dd9e,free,27,8,12,31,0
c6c8475d-ef76-44f9-92fd-1e5d4bd42c93,premium,29,6,17,34,0
7cadeebf-3c75-4b9b-9cc6-d9268437bae6,free,20,0,4,9,0
98a897ad-7cfc-4226-a3cb-d85b86ced59a,free,18,6,15,2,1
69e61908-4b60-4be0-ae7f-585e62fc9221,premium,14,4,18,11,0
442e0003-6717-4360-b00a-034f9fc19dcf,premium,2,4,13,48,0
5642fb82-2302-4a77-955d-6425fe226aa0,premium,9,1,15,30,0
7990f6e1-1e94-4d43-99e8-7e42eec62e7b,premium,5,3,14,28,0
642dac5e-c025-4108-b277-37e6faa90148,free,20,5,3,4,0
1fbeb145-e0c7-4eff-a034-f8e25a89843a,free,26,9,6,24,0
070ea4e0-ce6c-4f27-9e7d-05bb63cd133f,free,29,6,15,40,0
2cd4ac69-320b-4d81-868b-c0426413d4a9,free,1,4,7,30,1
071b5489-54cc-4695-996c-4351c3bc0a9b,premium,23,8,16,20,0
19ba46e5-41bc-4bfb-b0fd-36ed1b0293c2,free,3,2,15,19,1
be3bd871-f410-41dd-ba77-dc8098417fb3,free,6,0,9,38,1
970449f6-9e82-4197-8ea2-27ce7b276a47,free,5,3,9,21,1
3f9a16b2-d6cd-434f-a276-cab559aa497f,premium,21,8,1,3,1
3b93a408-515d-4d20-aa7f-88a7653e3bdc,free,27,3,8,12,0
8797d7d4-efc6-47f1-9d4d-e657197829ac,free,5,1,16,44,0
70b5e538-4b1a-4481-8c6f-1820f636d6c1,free,1,9,10,41,1
ee3d0dd0-99a9-4911-ba05-8ad022169dca,premium,17,4,9,49,0
bf4c4f52-621d-4d54-bf89-e4558c20099a,free,19,2,16,48,0
f816a1d5-13fc-43ff-b7b5-192e2b83bfab,premium,14,8,3,19,1
4b40f18f-63e3-4765-b247-b3cd0444c6bf,premium,12,3,15,12,1
936afcc5-40ed-4691-ad9b-f1b732c9a3bf,free,10,5,19,16,1
79970f06-b68e-4cea-a3d2-1b0740a60cd4,premium,20,1,14,35,1
a4274035-a79f-474e-bb96-1f63749c202e,premium,21,5,4,32,1
94723863-7954-4589-ba31-825713284772,premium,18,2,5,0,0
af84f608-a88d-4c8f-93d8-15bca964daab,free,24,8,16,14,1
7e3af7a5-bccb-4e5a-b1bc-88edc294ab8f,free,27,1,0,12,0
1610986a-c80b-4e98-9677-e8107af69a22,premium,11,8,18,16,0
e2f676cb-6c50-47fd-aa65-bea530d3544f,free,30,4,3,23,1
1f3c5387-e07b-40c5-a94f-5e0eb37bcd8a,premium,2,7,16,7,0
e361bf38-2ff1-4614-ae7d-76dfe50a1a2b,premium,25,1,8,49,0
abfeafdb-9b66-41d7-a5ce-951382a5f573,premium,18,5,1,26,0
63f4193f-68b4-46dc-b582-127249f834bd,free,29,2,7,44,1
868a7a57-8101-4d78-9c3f-9487a0754c3b,free,25,9,14,22,0
5a91bc7d-6663-46bf-9ee9-821580af8f14,premium,7,4,6,45,1
39f10e69-fcaf-4268-ab76-49e3be055718,premium,24,7,5,7,0
7d1f51a2-69cb-4d25-8661-40ec5a32807a,free,15,9,0,7,1
7b8b205e-ca79-4e46-ac4b-ef682d13cdb0,premium,11,0,14,25,1
83770617-15ea-4bd0-8e5a-959468ffb855,premium,18,4,6,46,0
73776496-eec9-40a6-9f6e-129abf333b7d,free,23,2,16,12,0
39e7b3ae-d239-4295-8869-19960b09994b,free,12,3,1,38,0
57b21f98-8fa1-4f1b-a1c1-4464b5e1e077,free,6,1,8,36,1
b53d60f2-d211-47a1-92ee-1d8601a976e4,free,20,8,8,48,1
8a8f005b-3ff7-4929-8695-d0a4da68b0a6,free,23,2,12,27,1
e4e2b2d1-1503-4df9-a95b-0a27a853061d,premium,30,1,5,24,0
3a359805-512e-4f3a-9554-9577716ffb78,free,13,9,5,15,1
8ff796d0-e4ea-4d72-8cc1-853553bdae75,free,20,8,19,1,1
cfe7b677-0ecf-4cfb-8dae-e92d37e582f1,free,16,6,19,17,1
2455edd3-112e-4d02-ab6b-8aef254d4d8b,free,18,5,2,16,1
9ac030c2-0d00-4e9d-a9c5-952a167df26f,premium,10,0,16,29,0
0c015664-6d46-48a3-8026-a77964e6847c,free,28,4,16,38,0
4a3b25f3-7799-42c5-a2e8-2b5b0d18ac29,free,23,2,11,12,1
fc5f3fe4-93a7-4d1b-abf1-e3085c274bc5,premium,8,0,15,31,1
b2a2d22d-cb99-48d9-b3d5-250ff82b2bf4,free,18,3,14,49,0
91af012f-873a-4c0d-ab1e-d17c9773ea1d,free,21,1,12,28,0
2fc34302-9d92-4ee1-a0d1-7e4a5e940b8e,free,1,1,0,45,0
e01096cc-9735-4c6a-82c9-816aca0d9cad,free,23,2,16,29,0
726bcaef-3d83-4e85-b748-1a1503294386,free,8,7,2,17,0
2dc2f7ce-1778-4c87-bfa3-acb635aba342,free,29,7,14,12,1
f561200a-1b04-4df2-9ed0-85bc8efd8446,free,6,6,3,42,1
d246d359-518e-4720-88f7-0003d7ae2d4e,premium,5,5,3,20,0
c1cc5819-d325-41eb-8db6-44be26e6b596,free,15,8,17,29,0
8afd92bd-9145-4b66-8917-022da76fecdc,free,22,3,16,20,0
97deb8a2-7cb1-4ecb-8230-d8e0c128943b,premium,15,0,18,47,0
1f6ab188-246a-454c-84b7-45a70581305d,free,2,7,10,16,1
ff976ecf-cb22-464b-9b4a-dd0742e5137c,premium,1,6,19,39,1
166bcc14-141f-44f7-b3af-0089537440c5,free,23,6,2,18,0
8d7f65f5-73a7-4a17-b446-a08042b59bf3,premium,23,2,7,14,1
ce10e3b8-12fe-44f9-a7c7-ee1f528448aa,free,26,3,13,8,1
4258eeb3-8080-4b39-8bea-9f18f6b0ac30,free,11,9,0,9,1
651bfd8f-e36f-4215-a33d-f6ff0a87bd20,free,10,8,13,43,0
720574cf-7a8a-4c76-88ea-49aa5d88e722,premium,30,5,1,30,1
bd749412-4cd6-4b75-a536-f12738179dd9,free,18,4,3,22,0
485c6f68-3edd-4d26-8e03-82ae5c726e62,free,18,2,18,29,0
c3118b3f-76da-4c43-8a64-9e9a7cd36bb3,free,17,8,5,32,0
20713988-e14d-4779-9198-36e3b4e5a471,premium,26,4,0,8,0
34ee3276-7f7a-4054-8115-74908b7478a2,free,8,4,16,46,0
9c7787c0-4ed6-4805-b326-387889400874,premium,15,3,7,0,0
1fc53620-78fe-4fc7-bd3c-efb148ccf78d,free,8,3,18,43,0
2efdbc71-559b-4dc0-a6f4-659d9f5683e7,free,17,0,0,34,1
f34af730-e39b-451f-9149-977db39fbffb,free,12,6,4,10,1
332ab2cd-94d2-4856-b5a0-e258323fca06,free,27,8,15,33,0
c2024e8a-5363-40f6-a5e0-aff7a800ec28,free,8,2,5,15,1
8ddbf1ac-5a0b-4775-904c-d125193fbd2d,free,25,1,7,8,1
3eb7734a-8645-4edc-8ab8-675b58a8097b,premium,14,2,12,31,1
38318dde-a4a2-4c1a-b7eb-81141d0d45f3,free,4,0,15,14,0
61aa98d5-95ef-406a-8a74-fb3f27cb9396,free,1,5,2,11,1
abf12a16-ef14-409c-b70c-9cedf56e805c,free,1,6,18,32,1
509c16b2-fee2-4734-b0a2-b3d3290ca097,free,19,1,11,44,1
847e2ad8-c4c9-4bcb-a58c-803bd494eac8,free,16,7,15,13,0
68dd7c01-529e-4f63-a739-b28c2dc5cb09,free,14,5,10,7,0
5fb9c830-0f42-4411-b8e1-4fe13e2dc725,free,21,3,9,7,1
d7e11518-f861-45d8-af50-9a0a9540739c,premium,16,4,19,26,0
cbec60ac-369b-43f4-9f14-0b348e4621f2,premium,5,7,3,11,0
06f17411-41ef-4bf5-9a64-c5b8b96bb408,free,9,2,11,0,0
07e96fe5-80dc-4b1d-86d6-49184828489f,free,26,2,1,42,1
510a0f17-7d17-4264-bbe4-39a26fd3e7d6,premium,30,3,18,39,1
31dc0102-12ee-4035-b84b-3215f427bd52,free,28,0,4,41,0
a8eca737-02cf-4450-b2fa-200c7c4ce48d,free,2,8,7,10,1
fb72a2f1-0784-4ce8-8b20-fde8d90e6f38,free,18,7,6,38,0
522cded4-7e0b-4da0-b98e-da5c373e0cb3,premium,6,7,13,42,1
b0bb19c5-619c-40dd-a6e3-0d0647108af9,premium,9,9,2,30,1
34394e80-2a25-4de5-8471-ec89c1b54818,free,1,5,17,16,1
698007e7-dccc-4d3d-9c54-534f06a560ab,free,9,6,15,32,1
5cf371d7-0a80-4156-b682-2e9a92e9f4d2,free,25,5,18,31,0
eaf6e2b4-45d9-4c51-863f-be9327cc3a93,premium,16,8,18,28,1
10f882bc-e54d-41f0-8228-42e90e89bde4,free,13,2,17,20,0
695a43de-f89b-4806-a61b-675adb81b3aa,free,9,2,19,20,1
31b6d645-2710-47b8-b0b3-f8d4ef1905d3,premium,21,2,15,39,1
26473cd1-f7e1-4d35-bdd9-a5af94937052,free,13,9,7,22,1
d7b2fb84-576e-446f-a268-947526bbb2ca,premium,9,2,0,5,0
ebb7ac86-745f-4b49-afbe-f3bf62a26fba,free,11,8,16,21,1
40d311e7-6f88-4b51-be58-36184686c1ad,free,4,3,11,49,0
3b12ebad-5ff0-47bd-afc7-ca9fa01ca14f,free,2,6,10,37,0
5c8fdd35-a1c9-4d1b-8d86-f49c6f6046a3,premium,29,8,4,36,1
2eaf5f27-6728-4ee7-a821-6b7e45642773,premium,6,6,11,44,0
248bb23c-f17b-466d-a0ec-fd5da2976aba,premium,14,8,16,7,1
4bfb889d-8e40-4557-b4a0-942902052fb8,free,4,2,5,40,0
3ccdead4-ad01-400b-9ad8-a4a912fff624,premium,6,3,0,48,0
0fa3380e-247f-43ae-b7ce-f02b5bd2d5a9,free,19,7,4,34,1
3014bcf7-8595-4965-9fe2-a4cbd0ec4cdd,free,6,5,13,10,0
9bc6a1bc-f6c4-40a6-8768-0f5cfc2ac280,premium,2,4,4,23,0
69e8a6ac-6718-4b44-a097-f7aca2f311f5,free,18,3,0,48,1
6fa879f2-4e4b-457b-a2ba-09109c9668f0,free,13,7,17,20,0
e6d151d0-ce6d-45ba-b2ea-2e16a19fcf2f,free,9,0,15,1,1
60a9d855-c2b5-4fc3-b7e2-4c832f73bcbd,free,23,8,8,39,0
bba22bc0-e29d-4c9d-b355-82d5f54b7071,free,19,0,18,18,1
7a1f0a28-f572-4551-b5c1-a1af6a2a9ebb,free,13,7,4,38,1
79b371df-2934-4b73-8961-76c5660fcf3a,free,11,3,1,27,1
6b072e42-5e72-4bd2-ac04-3c1b3c1ee70d,premium,1,8,14,16,0
e1a7f533-2e63-4302-b5e7-1990fe6a3618,premium,24,4,6,5,1
7d6e4415-0546-4b80-8711-3fc81dc5e422,free,30,2,3,18,1
03f4284d-58a8-4f11-9abc-de7a44d15482,free,22,8,0,37,1
4fc16337-2670-40fa-8aba-8b21f07bb6bd,free,7,8,12,27,0
5ec4e7f4-b49e-465d-8500-6f44aebe7689,free,25,3,19,1,1
6f32bbc9-3f4f-4aa4-8a9b-ad7871414c74,free,21,3,6,37,1
654b5a11-cdb3-4048-8c4b-95b2bcfdfe3a,premium,15,7,14,36,0
fb7b8e1a-d166-4a58-8d8a-0095e0acd271,free,1,1,13,3,0
fdd2b49d-5254-45ed-825e-9c3c78237c11,free,12,8,18,21,1
445cd19b-ee5f-4528-83de-8ed033f3021d,free,26,5,19,25,0
05364746-92cf-444e-b276-670ec15d41a1,free,7,8,17,48,1
5cc8b6fd-6165-4308-8fb0-226e29917701,premium,15,7,9,42,1
2a8e3e95-58d4-4cb2-8c34-38c06cdc8ec6,premium,21,6,8,35,1
b615f3a7-81aa-43f6-b378-e10997e7d507,free,19,0,7,12,0
a0960e50-05c6-4f90-ba83-c28351a51246,premium,28,2,9,31,0
60a75e8e-d366-4b53-8d43-615a173bcbfb,free,29,1,16,16,1
7fd02afb-b1cd-420f-9f73-16d396ff7edb,premium,25,4,1,40,0
61262d95-ee20-4a1b-b132-7da0910255eb,premium,1,4,5,35,1
9d85f19c-1abc-4d79-939b-3f2ac682db4b,free,17,4,4,45,0
74a3393c-6b58-4af5-9d70-494a476d5ec4,free,17,3,8,18,0
7074750d-602c-450d-9f29-03fef7e4030c,free,3,4,4,34,0
ea2a781a-b89d-4375-bba2-841df6d2d6ec,free,12,2,17,45,0
0b6afd8b-99fb-496f-8f96-b98c2402d8d4,premium,6,0,19,39,1
05868789-9f18-4c58-8954-2f3e9f13a562,free,26,4,8,27,0
390ab5a0-3b56-445e-8dc6-516d85d84dc9,free,11,8,16,0,0
54c11e1f-8320-4547-978c-6ac3a8e1b108,premium,3,8,16,41,0
f9808a9a-4f6f-46f5-b47b-ef92fbcaf48f,premium,8,3,11,17,0
a81894ad-9b4b-4175-a39d-5259a19ec0b1,free,14,2,6,47,0
0f3c192e-722c-41e4-a23b-a96f54754745,free,14,0,2,39,1
9b363daa-94e6-453e-a341-6327f914e2a0,free,10,1,9,32,0
dccf002a-22c4-457d-8ff5-cd0054b6716b,free,2,7,1,11,0
270b02a7-f34f-409b-a505-df3e6af03db2,premium,14,0,2,7,0
eec3a459-c566-4fcc-b763-4a181674fb36,free,9,7,15,23,1
f584c2f4-4010-499e-a3e3-ae4cee88249a,free,3,6,1,15,0
345fe671-b38a-468d-bbf1-15d4dd410c35,free,21,7,9,49,0
3bf2518b-b56d-495d-be3f-21a0c6ca5a06,free,26,5,5,3,1
5fe9488f-ed62-4e9d-a120-d04fd94ef02a,premium,8,8,10,37,0
af47124d-ed72-430b-95c7-33a0fff66f5c,premium,16,2,6,43,0
9ddcbdb1-7872-43ac-817c-3d936e26f86a,free,2,9,14,26,0
4b6f8e1a-0e06-4eb1-88db-a4fb3544b082,free,6,3,5,8,1
7e3dfcc4-b040-450f-a5ae-1d1870cbed09,free,28,5,19,46,0
755bda93-3e7f-4798-8a88-61cbde868497,premium,21,7,8,15,1
67fab5cf-eeda-46f0-a2db-a831a15f5d35,premium,29,4,19,11,1
1f6b192a-2f5f-4b6f-81c9-f93cc045e656,free,26,2,11,30,0
1e598a21-75fa-4254-882a-3ae4baacdaf8,premium,25,5,18,23,0
2bb9c3e4-3c58-4119-a948-e7d0de6a3f24,premium,12,3,19,13,0
8d243820-496e-4dd2-b729-75f5d34273a6,free,5,8,2,44,1
bd4914af-45d1-4d00-b9ab-cdbf702e8359,premium,2,2,14,24,0
75af5ae6-b042-4e65-ab94-8a5f8efaad48,free,16,3,1,33,0
ccb1e46c-bcfb-4f3f-8bda-aa291a324d0f,free,5,6,1,2,0
e6699a2b-65d1-4d5a-b571-86123d7b2104,free,15,6,2,23,1
55cc724e-2296-433c-a495-401bb8d9b1f6,free,12,3,5,41,0
706ac3ff-035e-4c7d-8bff-306ce8f3f4cf,free,4,5,14,8,1
061ac003-4cf9-4161-9266-a26e09fd3bf9,premium,15,2,9,25,0
6590bf3e-47b3-4ff8-8750-1fed6249ae1a,free,11,5,8,19,0
119c50d0-2e3d-4e18-9bc7-af621f4bdc21,premium,16,1,0,39,0
69eb58dc-34a7-425a-8117-87b6f128ddf0,free,23,7,15,9,0
45c624ca-7b66-4d58-b7be-5a3b97a25f31,free,6,1,5,18,0
a5250225-e1ec-4354-93ad-c14b8a8982ee,free,14,6,8,2,0
1bdb360a-1799-48a5-9ca9-99c496a4a1f1,free,18,8,3,23,1
861511e6-4e10-4726-9005-067dd610d255,premium,12,0,1,4,1
fc1acc90-d029-4105-ba03-db9bc6f9d6ec,free,27,7,3,2,1
d866ec2f-2399-4398-af6f-88c7bd21b065,free,11,6,0,26,0
beacd90d-0039-4113-9c2e-0b0a270d9497,free,13,5,18,15,0
f516d944-7a38-4daf-a7de-056a20d89509,premium,21,5,9,48,0
78e24814-7d3c-4d0a-8827-b3fb9a79d8d5,premium,23,5,14,14,1
455932ae-fc68-44bd-b0a8-50117b4ea17b,premium,11,8,18,34,1
9ebb1545-19f7-4d05-b4ee-ba364789d17b,free,23,1,15,11,0
2c5205b2-dff6-48e5-92cb-7a780dc78664,free,16,0,3,40,0
21cb9b81-c3ea-4cf9-8692-6549a0c97676,free,15,5,1,43,0
40f28d42-6ae6-492f-a512-a78d17416c7f,free,21,9,12,25,0
e1b30f94-5503-4d38-87ef-66e271d67d8e,free,28,7,0,46,0
bc2ff3eb-1fed-428a-8404-e9e61712958c,free,15,2,16,33,1
1f88e025-78f2-4874-8308-111a93c08c15,free,25,9,12,22,1
b8b0433f-2245-4eae-993d-33381c32b3ba,free,4,0,3,30,0
313aa9fa-7036-4800-9284-e190889047cc,premium,11,8,6,49,0
d11b24c4-4aba-4508-bc2f-925178cf4f9d,free,19,0,16,19,1
176a71e4-8a6b-483d-a88a-c075d8e28ef5,free,15,2,8,11,0
5f7de43d-e17e-433f-8bb0-5fc787c2efb6,premium,4,7,3,22,0
69302f4a-a33f-4cd5-a278-7f5081959738,free,21,2,18,3,0
ebc87098-aed8-4efc-95f0-7d8a0b9aebd9,premium,13,3,0,22,0
fa13ae6a-8992-4436-b0a3-4e688e6c1a71,free,22,7,9,47,0
814f1a88-f4d3-417f-9a56-e34095f4f6b1,free,19,0,3,47,1
0976e0d6-8c10-4184-a707-455d1321612e,premium,2,5,8,0,0
8b902a49-9ea1-4f95-907e-2e1d35a9fbfb,premium,14,0,12,24,0
feff3301-c8c2-42f8-87c8-45c420e43595,premium,29,0,13,1,1
e0a1fef0-429d-4824-a966-be76636802fb,free,4,7,9,29,0
1eaea3e6-bd7b-44f2-a41e-6edae6d2b060,free,16,3,5,2,1
4e4b5608-4182-46cd-a13d-0b150d0e6508,free,21,0,15,20,1
f9ca01dd-210c-4909-9367-db7f32d7d30a,free,20,9,5,24,0
2b85346f-9242-41e5-8dca-114357c7d4c9,premium,14,6,16,19,1
15fb958f-3b4c-45a0-90c3-e4deebcb1170,free,27,4,9,48,0
2de48866-389b-415f-b241-d127b7bd7038,premium,29,4,17,21,1
81fe7e1b-4db6-47cd-baf3-30cf3f8dcd6c,free,15,0,17,20,0
